﻿<?xml version="1.0" encoding="UTF-8"?>
<Settings>
  <UserAccounts>
    <DefaultAdmin>mesadmin</DefaultAdmin>
    <DefaultUser>mesuser</DefaultUser>
    <DefaultService>messervice</DefaultService>
    <DefaultPW>M3$@dm1n!!</DefaultPW>
    <AccountAdmin>mesadmin</AccountAdmin>
    <AccountUser>mesuser</AccountUser>
    <AccountService>messervice</AccountService>
    <AdminPW>M3$@dm1n!!</AdminPW>
    <UserPW>M3$@dm1n!!</UserPW>
    <ServicePW>M3$@dm1n!!</ServicePW>
  </UserAccounts>
  <ComputerNames>
    <DefaultDiscoveryManagerBaseName>MESDM</DefaultDiscoveryManagerBaseName>
    <DefaultDiscoveryAgentBaseName>MESDA</DefaultDiscoveryAgentBaseName>
    <DefaultWebBaseName>MESWEB</DefaultWebBaseName>
    <DefaultSQLBaseName>MESSQL</DefaultSQLBaseName>
    <DefaultApplianceName>MESAPP001</DefaultApplianceName>
    <DiscoveryManagerBaseName>
    </DiscoveryManagerBaseName>
    <DiscoveryAgentBaseName>
    </DiscoveryAgentBaseName>
    <WebBaseName>
    </WebBaseName>
    <SQLBaseName>
    </SQLBaseName>
    <ApplianceName>
    </ApplianceName>
  </ComputerNames>
  <RDPMembersSettings>
    <DefaultRDPMembers>mesadmin</DefaultRDPMembers>
    <RDPMembers>
    </RDPMembers>
  </RDPMembersSettings>
  <ShareVMSettings>
    <DefaultSharePath>\\MESAPP001\Share</DefaultSharePath>
    <DefaultSharePathLetter>Z</DefaultSharePathLetter>
    <SharePath>
    </SharePath>
    <SharePathLetter>
    </SharePathLetter>
  </ShareVMSettings>
  <ShareApplianceSettings>
    <DefaultShareLocalPath>D:\Share</DefaultShareLocalPath>
    <DefaultShareLocalName>Share</DefaultShareLocalName>
    <DefaultShareFullAccessUsers>messervice,mesuser,mesadmin</DefaultShareFullAccessUsers>
    <DefaultShareReadAccessUser>
    </DefaultShareReadAccessUser>
  </ShareApplianceSettings>
  <NetworkTeamSettings>
    <Team1Name>Team1</Team1Name>
    <Team2Name>Team2</Team2Name>
    <Member1Name>Ethernet</Member1Name>
    <Member2Name>Ethernet 2</Member2Name>
    <Member3Name>Ethernet 3</Member3Name>
    <Member4Name>Ethernet 4</Member4Name>
    <Team1Config>Ethernet, Ethernet 2</Team1Config>
    <Team2Config>Ethernet 3, Ethernet 4</Team2Config>
    <Team1Mode>SwitchIndependent</Team1Mode>
    <Team2Mode>SwitchIndependent</Team2Mode>
    <ConfiguredTeams>
    </ConfiguredTeams>
  </NetworkTeamSettings>
  <HyperVSwitch>
    <NetAdapter>Team1</NetAdapter>
    <VMSwitchName>vSwitch1</VMSwitchName>
    <ConfiguredvSwitch>
    </ConfiguredvSwitch>
  </HyperVSwitch>
  <CopyDeploy>
    <DestFolder>C:\Deploy</DestFolder>
    <SourceFolder>D:\Deploy</SourceFolder>
  </CopyDeploy>
</Settings>